State,Year,Population
Alabama,1960,3266740
Alabama,1961,3302000
Alabama,1962,3358000
Alabama,1963,3347000
Alabama,1964,3407000
Alabama,1965,3462000
Alabama,1966,3517000
Alabama,1967,3540000
Alabama,1968,3566000
Alabama,1969,3531000
Alabama,1970,3444165
Alabama,1971,3479000
Alabama,1972,3510000
Alabama,1973,3539000
Alabama,1974,3577000
Alabama,1975,3614000
Alabama,1976,3665000
Alabama,1977,3690000
Alabama,1978,3742000
Alabama,1979,3769000
Alabama,1980,3861466
Alabama,1981,3916000
Alabama,1982,3943000
Alabama,1983,3959000
Alabama,1984,3990000
Alabama,1985,4021000
Alabama,1986,4053000
Alabama,1987,4083000
Alabama,1988,4127000
Alabama,1989,4118000
Alabama,1990,4040587
Alabama,1991,4089000
Alabama,1992,4136000
Alabama,1993,4187000
Alabama,1994,4219000
Alabama,1995,4253000
Alabama,1996,4273000
Alabama,1997,4319000
Alabama,1998,4352000
Alabama,1999,4369862
Alabama,2000,4447100
Alabama,2001,4468912
Alabama,2002,4478896
Alabama,2003,4503726
Alabama,2004,4525375
Alabama,2005,4548327
Alabama,2006,4599030
Alabama,2007,4627851
Alabama,2008,4661900
Alabama,2009,4708708
Alabama,2010,4785401
Alabama,2011,4803689
Alabama,2012,4822023
Alaska,1960,226167
Alaska,1961,234000
Alaska,1962,246000
Alaska,1963,248000
Alaska,1964,250000
Alaska,1965,253000
Alaska,1966,272000
Alaska,1967,272000
Alaska,1968,277000
Alaska,1969,282000
Alaska,1970,302173
Alaska,1971,313000
Alaska,1972,325000
Alaska,1973,330000
Alaska,1974,337000
Alaska,1975,352000
Alaska,1976,382000
Alaska,1977,407000
Alaska,1978,403000
Alaska,1979,406000
Alaska,1980,440142
Alaska,1981,412000
Alaska,1982,438000
Alaska,1983,479000
Alaska,1984,500000
Alaska,1985,521000
Alaska,1986,534000
Alaska,1987,525000
Alaska,1988,513000
Alaska,1989,527000
Alaska,1990,550043
Alaska,1991,570000
Alaska,1992,587000
Alaska,1993,599000
Alaska,1994,606000
Alaska,1995,604000
Alaska,1996,607000
Alaska,1997,609000
Alaska,1998,614000
Alaska,1999,619500
Alaska,2000,626932
Alaska,2001,633630
Alaska,2002,641482
Alaska,2003,648280
Alaska,2004,657755
Alaska,2005,663253
Alaska,2006,670053
Alaska,2007,683478
Alaska,2008,686293
Alaska,2009,698473
Alaska,2010,714146
Alaska,2011,723860
Alaska,2012,731449
Arizona,1960,1302161
Arizona,1961,1391000
Arizona,1962,1509000
Arizona,1963,1559000
Arizona,1964,1581000
Arizona,1965,1608000
Arizona,1966,1618000
Arizona,1967,1634000
Arizona,1968,1670000
Arizona,1969,1693000
Arizona,1970,1772482
Arizona,1971,1849000
Arizona,1972,1945000
Arizona,1973,2058000
Arizona,1974,2153000
Arizona,1975,2224000
Arizona,1976,2270000
Arizona,1977,2296000
Arizona,1978,2354000
Arizona,1979,2450000
Arizona,1980,2715357
Arizona,1981,2793000
Arizona,1982,2860000
Arizona,1983,2963000
Arizona,1984,3053000
Arizona,1985,3187000
Arizona,1986,3317000
Arizona,1987,3386000
Arizona,1988,3466000
Arizona,1989,3556000
Arizona,1990,3665228
Arizona,1991,3750000
Arizona,1992,3832000
Arizona,1993,3936000
Arizona,1994,4075000
Arizona,1995,4218000
Arizona,1996,4428000
Arizona,1997,4555000
Arizona,1998,4669000
Arizona,1999,4778332
Arizona,2000,5130632
Arizona,2001,5306966
Arizona,2002,5441125
Arizona,2003,5579222
Arizona,2004,5739879
Arizona,2005,5953007
Arizona,2006,6166318
Arizona,2007,6338755
Arizona,2008,6500180
Arizona,2009,6595778
Arizona,2010,6413158
Arizona,2011,6467315
Arizona,2012,6553255
Arkansas,1960,1786272
Arkansas,1961,1797000
Arkansas,1962,1823000
Arkansas,1963,1858000
Arkansas,1964,1933000
Arkansas,1965,1960000
Arkansas,1966,1955000
Arkansas,1967,1968000
Arkansas,1968,2012000
Arkansas,1969,1995000
Arkansas,1970,1923295
Arkansas,1971,1944000
Arkansas,1972,1978000
Arkansas,1973,2037000
Arkansas,1974,2062000
Arkansas,1975,2116000
Arkansas,1976,2109000
Arkansas,1977,2144000
Arkansas,1978,2186000
Arkansas,1979,2180000
Arkansas,1980,2284037
Arkansas,1981,2294000
Arkansas,1982,2291000
Arkansas,1983,2328000
Arkansas,1984,2349000
Arkansas,1985,2359000
Arkansas,1986,2372000
Arkansas,1987,2388000
Arkansas,1988,2422000
Arkansas,1989,2406000
Arkansas,1990,2350725
Arkansas,1991,2372000
Arkansas,1992,2399000
Arkansas,1993,2424000
Arkansas,1994,2453000
Arkansas,1995,2484000
Arkansas,1996,2510000
Arkansas,1997,2523000
Arkansas,1998,2538000
Arkansas,1999,2551373
Arkansas,2000,2673400
Arkansas,2001,2694698
Arkansas,2002,2706268
Arkansas,2003,2727774
Arkansas,2004,2750000
Arkansas,2005,2775708
Arkansas,2006,2810872
Arkansas,2007,2834797
Arkansas,2008,2855390
Arkansas,2009,2889450
Arkansas,2010,2921588
Arkansas,2011,2938582
Arkansas,2012,2949131
California,1960,15717204
California,1961,16397000
California,1962,16970000
California,1963,17590000
California,1964,18084000
California,1965,18602000
California,1966,18918000
California,1967,19153000
California,1968,19221000
California,1969,19443000
California,1970,19953134
California,1971,20223000
California,1972,20468000
California,1973,20601000
California,1974,20907000
California,1975,21185000
California,1976,21520000
California,1977,21896000
California,1978,22294000
California,1979,22696000
California,1980,23532680
California,1981,24159000
California,1982,24724000
California,1983,25174000
California,1984,25622000
California,1985,26365000
California,1986,26981000
California,1987,27663000
California,1988,28168000
California,1989,29063000
California,1990,29760021
California,1991,30380000
California,1992,30867000
California,1993,31211000
California,1994,31431000
California,1995,31589000
California,1996,31878000
California,1997,32268000
California,1998,32667000
California,1999,33145121
California,2000,33871648
California,2001,34600463
California,2002,35001986
California,2003,35462712
California,2004,35842038
California,2005,36154147
California,2006,36457549
California,2007,36553215
California,2008,36756666
California,2009,36961664
California,2010,37338198
California,2011,37683933
California,2012,38041430
Colorado,1960,1753947
Colorado,1961,1781000
Colorado,1962,1907000
Colorado,1963,1961000
Colorado,1964,1966000
Colorado,1965,1969000
Colorado,1966,1977000
Colorado,1967,1975000
Colorado,1968,2048000
Colorado,1969,2100000
Colorado,1970,2207259
Colorado,1971,2283000
Colorado,1972,2357000
Colorado,1973,2437000
Colorado,1974,2496000
Colorado,1975,2534000
Colorado,1976,2583000
Colorado,1977,2619000
Colorado,1978,2670000
Colorado,1979,2772000
Colorado,1980,2878407
Colorado,1981,2963000
Colorado,1982,3045000
Colorado,1983,3139000
Colorado,1984,3178000
Colorado,1985,3231000
Colorado,1986,3267000
Colorado,1987,3296000
Colorado,1988,3290000
Colorado,1989,3317000
Colorado,1990,3294394
Colorado,1991,3377000
Colorado,1992,3470000
Colorado,1993,3566000
Colorado,1994,3656000
Colorado,1995,3747000
Colorado,1996,3823000
Colorado,1997,3893000
Colorado,1998,3971000
Colorado,1999,4056133
Colorado,2000,4301261
Colorado,2001,4430989
Colorado,2002,4501051
Colorado,2003,4547633
Colorado,2004,4601821
Colorado,2005,4663295
Colorado,2006,4753377
Colorado,2007,4861515
Colorado,2008,4939456
Colorado,2009,5024748
Colorado,2010,5047692
Colorado,2011,5116302
Colorado,2012,5187582
Connecticut,1960,2535234
Connecticut,1961,2614000
Connecticut,1962,2597000
Connecticut,1963,2666000
Connecticut,1964,2766000
Connecticut,1965,2832000
Connecticut,1966,2875000
Connecticut,1967,2925000
Connecticut,1968,2959000
Connecticut,1969,3000000
Connecticut,1970,3032217
Connecticut,1971,3081000
Connecticut,1972,3082000
Connecticut,1973,3076000
Connecticut,1974,3088000
Connecticut,1975,3095000
Connecticut,1976,3117000
Connecticut,1977,3108000
Connecticut,1978,3099000
Connecticut,1979,3115000
Connecticut,1980,3095224
Connecticut,1981,3132000
Connecticut,1982,3153000
Connecticut,1983,3138000
Connecticut,1984,3154000
Connecticut,1985,3174000
Connecticut,1986,3189000
Connecticut,1987,3211000
Connecticut,1988,3241000
Connecticut,1989,3239000
Connecticut,1990,3287116
Connecticut,1991,3291000
Connecticut,1992,3281000
Connecticut,1993,3277000
Connecticut,1994,3275000
Connecticut,1995,3275000
Connecticut,1996,3274000
Connecticut,1997,3270000
Connecticut,1998,3274000
Connecticut,1999,3282031
Connecticut,2000,3405565
Connecticut,2001,3434602
Connecticut,2002,3458587
Connecticut,2003,3486960
Connecticut,2004,3498966
Connecticut,2005,3500701
Connecticut,2006,3504809
Connecticut,2007,3502309
Connecticut,2008,3501252
Connecticut,2009,3518288
Connecticut,2010,3575498
Connecticut,2011,3586717
Connecticut,2012,3590347
Delaware,1960,446292
Delaware,1961,458000
Delaware,1962,469000
Delaware,1963,476000
Delaware,1964,491000
Delaware,1965,505000
Delaware,1966,512000
Delaware,1967,524000
Delaware,1968,534000
Delaware,1969,540000
Delaware,1970,548104
Delaware,1971,558000
Delaware,1972,565000
Delaware,1973,576000
Delaware,1974,573000
Delaware,1975,579000
Delaware,1976,582000
Delaware,1977,582000
Delaware,1978,583000
Delaware,1979,582000
Delaware,1980,594779
Delaware,1981,598000
Delaware,1982,602000
Delaware,1983,606000
Delaware,1984,613000
Delaware,1985,622000
Delaware,1986,633000
Delaware,1987,644000
Delaware,1988,660000
Delaware,1989,673000
Delaware,1990,666168
Delaware,1991,680000
Delaware,1992,689000
Delaware,1993,700000
Delaware,1994,706000
Delaware,1995,717000
Delaware,1996,725000
Delaware,1997,732000
Delaware,1998,744000
Delaware,1999,753538
Delaware,2000,783600
Delaware,2001,796599
Delaware,2002,805945
Delaware,2003,818166
Delaware,2004,830069
Delaware,2005,841741
Delaware,2006,853476
Delaware,2007,864764
Delaware,2008,873092
Delaware,2009,885122
Delaware,2010,899792
Delaware,2011,908137
Delaware,2012,917092
District of Columbia,1960,763956
District of Columbia,1961,763956
District of Columbia,1962,784000
District of Columbia,1963,798000
District of Columbia,1964,808000
District of Columbia,1965,803000
District of Columbia,1966,808000
District of Columbia,1967,809000
District of Columbia,1968,809000
District of Columbia,1969,798000
District of Columbia,1970,756510
District of Columbia,1971,741000
District of Columbia,1972,748000
District of Columbia,1973,746000
District of Columbia,1974,723000
District of Columbia,1975,716000
District of Columbia,1976,702000
District of Columbia,1977,690000
District of Columbia,1978,674000
District of Columbia,1979,656000
District of Columbia,1980,635233
District of Columbia,1981,636000
District of Columbia,1982,631000
District of Columbia,1983,623000
District of Columbia,1984,623000
District of Columbia,1985,626000
District of Columbia,1986,626000
District of Columbia,1987,622000
District of Columbia,1988,620000
District of Columbia,1989,604000
District of Columbia,1990,606900
District of Columbia,1991,598000
District of Columbia,1992,589000
District of Columbia,1993,578000
District of Columbia,1994,570000
District of Columbia,1995,554000
District of Columbia,1996,543000
District of Columbia,1997,529000
District of Columbia,1998,523000
District of Columbia,1999,519000
District of Columbia,2000,572059
District of Columbia,2001,573822
District of Columbia,2002,569157
District of Columbia,2003,557620
District of Columbia,2004,554239
District of Columbia,2005,582049
District of Columbia,2006,581530
District of Columbia,2007,588292
District of Columbia,2008,591833
District of Columbia,2009,599657
District of Columbia,2010,604912
District of Columbia,2011,619020
District of Columbia,2012,632323
Florida,1960,4951560
Florida,1961,5222000
Florida,1962,5459000
Florida,1963,5652000
Florida,1964,5705000
Florida,1965,5805000
Florida,1966,5941000
Florida,1967,5995000
Florida,1968,6160000
Florida,1969,6354000
Florida,1970,6789443
Florida,1971,7041000
Florida,1972,7259000
Florida,1973,7678000
Florida,1974,8090000
Florida,1975,8357000
Florida,1976,8421000
Florida,1977,8452000
Florida,1978,8594000
Florida,1979,8860000
Florida,1980,9567112
Florida,1981,10166000
Florida,1982,10416000
Florida,1983,10680000
Florida,1984,10976000
Florida,1985,11366000
Florida,1986,11675000
Florida,1987,12023000
Florida,1988,12377000
Florida,1989,12671000
Florida,1990,12937926
Florida,1991,13277000
Florida,1992,13488000
Florida,1993,13679000
Florida,1994,13953000
Florida,1995,14166000
Florida,1996,14400000
Florida,1997,14654000
Florida,1998,14916000
Florida,1999,15111244
Florida,2000,15982378
Florida,2001,16373330
Florida,2002,16691701
Florida,2003,16999181
Florida,2004,17385430
Florida,2005,17768191
Florida,2006,18089888
Florida,2007,18251243
Florida,2008,18328340
Florida,2009,18537969
Florida,2010,18838613
Florida,2011,19082262
Florida,2012,19317568
Georgia,1960,3943116
Georgia,1961,3987000
Georgia,1962,4100000
Georgia,1963,4140000
Georgia,1964,4294000
Georgia,1965,4357000
Georgia,1966,4459000
Georgia,1967,4509000
Georgia,1968,4588000
Georgia,1969,4641000
Georgia,1970,4589575
Georgia,1971,4664000
Georgia,1972,4720000
Georgia,1973,4786000
Georgia,1974,4882000
Georgia,1975,4926000
Georgia,1976,4970000
Georgia,1977,5048000
Georgia,1978,5084000
Georgia,1979,5118000
Georgia,1980,5400851
Georgia,1981,5569000
Georgia,1982,5639000
Georgia,1983,5732000
Georgia,1984,5837000
Georgia,1985,5976000
Georgia,1986,6104000
Georgia,1987,6222000
Georgia,1988,6401000
Georgia,1989,6436000
Georgia,1990,6478216
Georgia,1991,6623000
Georgia,1992,6751000
Georgia,1993,6917000
Georgia,1994,7055000
Georgia,1995,7201000
Georgia,1996,7353000
Georgia,1997,7486000
Georgia,1998,7642000
Georgia,1999,7788240
Georgia,2000,8186453
Georgia,2001,8405677
Georgia,2002,8544005
Georgia,2003,8676460
Georgia,2004,8918129
Georgia,2005,9132553
Georgia,2006,9363941
Georgia,2007,9544750
Georgia,2008,9685744
Georgia,2009,9829211
Georgia,2010,9712157
Georgia,2011,9812460
Georgia,2012,9919945
Hawaii,1960,632772
Hawaii,1961,657000
Hawaii,1962,693000
Hawaii,1963,694000
Hawaii,1964,701000
Hawaii,1965,711000
Hawaii,1966,718000
Hawaii,1967,739000
Hawaii,1968,778000
Hawaii,1969,794000
Hawaii,1970,769913
Hawaii,1971,789000
Hawaii,1972,809000
Hawaii,1973,832000
Hawaii,1974,847000
Hawaii,1975,865000
Hawaii,1976,887000
Hawaii,1977,895000
Hawaii,1978,897000
Hawaii,1979,915000
Hawaii,1980,964680
Hawaii,1981,979000
Hawaii,1982,994000
Hawaii,1983,1023000
Hawaii,1984,1039000
Hawaii,1985,1054000
Hawaii,1986,1062000
Hawaii,1987,1083000
Hawaii,1988,1093000
Hawaii,1989,1112000
Hawaii,1990,1108229
Hawaii,1991,1135000
Hawaii,1992,1160000
Hawaii,1993,1172000
Hawaii,1994,1179000
Hawaii,1995,1187000
Hawaii,1996,1184000
Hawaii,1997,1187000
Hawaii,1998,1193000
Hawaii,1999,1185497
Hawaii,2000,1211537
Hawaii,2001,1227024
Hawaii,2002,1240663
Hawaii,2003,1248755
Hawaii,2004,1262124
Hawaii,2005,1273278
Hawaii,2006,1285498
Hawaii,2007,1283388
Hawaii,2008,1288198
Hawaii,2009,1295178
Hawaii,2010,1363359
Hawaii,2011,1378129
Hawaii,2012,1392313
Idaho,1960,667191
Idaho,1961,684000
Idaho,1962,698000
Idaho,1963,713000
Idaho,1964,692000
Idaho,1965,692000
Idaho,1966,694000
Idaho,1967,699000
Idaho,1968,705000
Idaho,1969,718000
Idaho,1970,713008
Idaho,1971,732000
Idaho,1972,756000
Idaho,1973,770000
Idaho,1974,799000
Idaho,1975,820000
Idaho,1976,831000
Idaho,1977,857000
Idaho,1978,878000
Idaho,1979,905000
Idaho,1980,943629
Idaho,1981,959000
Idaho,1982,965000
Idaho,1983,989000
Idaho,1984,1001000
Idaho,1985,1005000
Idaho,1986,1003000
Idaho,1987,998000
Idaho,1988,999000
Idaho,1989,1014000
Idaho,1990,1006749
Idaho,1991,1039000
Idaho,1992,1067000
Idaho,1993,1099000
Idaho,1994,1133000
Idaho,1995,1163000
Idaho,1996,1189000
Idaho,1997,1210000
Idaho,1998,1229000
Idaho,1999,1251700
Idaho,2000,1293953
Idaho,2001,1320585
Idaho,2002,1343124
Idaho,2003,1367034
Idaho,2004,1395140
Idaho,2005,1429367
Idaho,2006,1466465
Idaho,2007,1499402
Idaho,2008,1523816
Idaho,2009,1545801
Idaho,2010,1571102
Idaho,2011,1583744
Idaho,2012,1595728
Illinois,1960,10081158
Illinois,1961,10258000
Illinois,1962,10146000
Illinois,1963,10182000
Illinois,1964,10489000
Illinois,1965,10644000
Illinois,1966,10722000
Illinois,1967,10893000
Illinois,1968,10974000
Illinois,1969,11047000
Illinois,1970,11113976
Illinois,1971,11196000
Illinois,1972,11251000
Illinois,1973,11236000
Illinois,1974,11131000
Illinois,1975,11145000
Illinois,1976,11229000
Illinois,1977,11245000
Illinois,1978,11243000
Illinois,1979,11230000
Illinois,1980,11355062
Illinois,1981,11455000
Illinois,1982,11448000
Illinois,1983,11486000
Illinois,1984,11511000
Illinois,1985,11535000
Illinois,1986,11533000
Illinois,1987,11582000
Illinois,1988,11544000
Illinois,1989,11658000
Illinois,1990,11430602
Illinois,1991,11543000
Illinois,1992,11631000
Illinois,1993,11697000
Illinois,1994,11752000
Illinois,1995,11830000
Illinois,1996,11847000
Illinois,1997,11896000
Illinois,1998,12045000
Illinois,1999,12128370
Illinois,2000,12419293
Illinois,2001,12520227
Illinois,2002,12586447
Illinois,2003,12649087
Illinois,2004,12712016
Illinois,2005,12765427
Illinois,2006,12831970
Illinois,2007,12852548
Illinois,2008,12901563
Illinois,2009,12910409
Illinois,2010,12841980
Illinois,2011,12859752
Illinois,2012,12875255
Indiana,1960,4662498
Indiana,1961,4711000
Indiana,1962,4715000
Indiana,1963,4694000
Indiana,1964,4825000
Indiana,1965,4885000
Indiana,1966,4918000
Indiana,1967,5000000
Indiana,1968,5067000
Indiana,1969,5118000
Indiana,1970,5193669
Indiana,1971,5274000
Indiana,1972,5291000
Indiana,1973,5316000
Indiana,1974,5330000
Indiana,1975,5311000
Indiana,1976,5302000
Indiana,1977,5330000
Indiana,1978,5374000
Indiana,1979,5400000
Indiana,1980,5461103
Indiana,1981,5466000
Indiana,1982,5471000
Indiana,1983,5479000
Indiana,1984,5498000
Indiana,1985,5499000
Indiana,1986,5504000
Indiana,1987,5531000
Indiana,1988,5575000
Indiana,1989,5593000
Indiana,1990,5544159
Indiana,1991,5610000
Indiana,1992,5662000
Indiana,1993,5713000
Indiana,1994,5752000
Indiana,1995,5803000
Indiana,1996,5841000
Indiana,1997,5864000
Indiana,1998,5899000
Indiana,1999,5942901
Indiana,2000,6080485
Indiana,2001,6126743
Indiana,2002,6156913
Indiana,2003,6199571
Indiana,2004,6226537
Indiana,2005,6266019
Indiana,2006,6313520
Indiana,2007,6345289
Indiana,2008,6376792
Indiana,2009,6423113
Indiana,2010,6490622
Indiana,2011,6516353
Indiana,2012,6537334
Iowa,1960,2757537
Iowa,1961,2779000
Iowa,1962,2777000
Iowa,1963,2780000
Iowa,1964,2756000
Iowa,1965,2760000
Iowa,1966,2747000
Iowa,1967,2753000
Iowa,1968,2748000
Iowa,1969,2781000
Iowa,1970,2825041
Iowa,1971,2852000
Iowa,1972,2883000
Iowa,1973,2904000
Iowa,1974,2855000
Iowa,1975,2870000
Iowa,1976,2870000
Iowa,1977,2879000
Iowa,1978,2896000
Iowa,1979,2903000
Iowa,1980,2907804
Iowa,1981,2897000
Iowa,1982,2905000
Iowa,1983,2905000
Iowa,1984,2910000
Iowa,1985,2884000
Iowa,1986,2851000
Iowa,1987,2834000
Iowa,1988,2834000
Iowa,1989,2840000
Iowa,1990,2776755
Iowa,1991,2795000
Iowa,1992,2812000
Iowa,1993,2814000
Iowa,1994,2829000
Iowa,1995,2842000
Iowa,1996,2852000
Iowa,1997,2852000
Iowa,1998,2862000
Iowa,1999,2869413
Iowa,2000,2926324
Iowa,2001,2931967
Iowa,2002,2935840
Iowa,2003,2941976
Iowa,2004,2952904
Iowa,2005,2965524
Iowa,2006,2982085
Iowa,2007,2988046
Iowa,2008,3002555
Iowa,2009,3007856
Iowa,2010,3050202
Iowa,2011,3064097
Iowa,2012,3074186
Kansas,1960,2178611
Kansas,1961,2194000
Kansas,1962,2219000
Kansas,1963,2225000
Kansas,1964,2225000
Kansas,1965,2234000
Kansas,1966,2250000
Kansas,1967,2275000
Kansas,1968,2303000
Kansas,1969,2321000
Kansas,1970,2249071
Kansas,1971,2258000
Kansas,1972,2258000
Kansas,1973,2279000
Kansas,1974,2270000
Kansas,1975,2267000
Kansas,1976,2310000
Kansas,1977,2326000
Kansas,1978,2348000
Kansas,1979,2369000
Kansas,1980,2354783
Kansas,1981,2381000
Kansas,1982,2408000
Kansas,1983,2425000
Kansas,1984,2438000
Kansas,1985,2450000
Kansas,1986,2461000
Kansas,1987,2476000
Kansas,1988,2487000
Kansas,1989,2513000
Kansas,1990,2477574
Kansas,1991,2495000
Kansas,1992,2523000
Kansas,1993,2531000
Kansas,1994,2554000
Kansas,1995,2565000
Kansas,1996,2572000
Kansas,1997,2595000
Kansas,1998,2629000
Kansas,1999,2654052
Kansas,2000,2688418
Kansas,2001,2702125
Kansas,2002,2711769
Kansas,2003,2724786
Kansas,2004,2733697
Kansas,2005,2748172
Kansas,2006,2764075
Kansas,2007,2775997
Kansas,2008,2802134
Kansas,2009,2818747
Kansas,2010,2859143
Kansas,2011,2870386
Kansas,2012,2885905
Kentucky,1960,3038156
Kentucky,1961,3076000
Kentucky,1962,3082000
Kentucky,1963,3095000
Kentucky,1964,3159000
Kentucky,1965,3179000
Kentucky,1966,3183000
Kentucky,1967,3189000
Kentucky,1968,3229000
Kentucky,1969,3232000
Kentucky,1970,3219311
Kentucky,1971,3282000
Kentucky,1972,3299000
Kentucky,1973,3342000
Kentucky,1974,3357000
Kentucky,1975,3396000
Kentucky,1976,3428000
Kentucky,1977,3458000
Kentucky,1978,3498000
Kentucky,1979,3527000
Kentucky,1980,3641479
Kentucky,1981,3661000
Kentucky,1982,3667000
Kentucky,1983,3714000
Kentucky,1984,3723000
Kentucky,1985,3726000
Kentucky,1986,3728000
Kentucky,1987,3727000
Kentucky,1988,3721000
Kentucky,1989,3727000
Kentucky,1990,3685296
Kentucky,1991,3713000
Kentucky,1992,3755000
Kentucky,1993,3789000
Kentucky,1994,3827000
Kentucky,1995,3860000
Kentucky,1996,3884000
Kentucky,1997,3908000
Kentucky,1998,3936000
Kentucky,1999,3960825
Kentucky,2000,4041769
Kentucky,2001,4068816
Kentucky,2002,4089822
Kentucky,2003,4118189
Kentucky,2004,4141835
Kentucky,2005,4172608
Kentucky,2006,4206074
Kentucky,2007,4241474
Kentucky,2008,4269245
Kentucky,2009,4314113
Kentucky,2010,4347223
Kentucky,2011,4366814
Kentucky,2012,4380415
Louisiana,1960,3257022
Louisiana,1961,3321000
Louisiana,1962,3330000
Louisiana,1963,3418000
Louisiana,1964,3468000
Louisiana,1965,3534000
Louisiana,1966,3603000
Louisiana,1967,3662000
Louisiana,1968,3732000
Louisiana,1969,3745000
Louisiana,1970,3643180
Louisiana,1971,3681000
Louisiana,1972,3720000
Louisiana,1973,3764000
Louisiana,1974,3764000
Louisiana,1975,3791000
Louisiana,1976,3841000
Louisiana,1977,3921000
Louisiana,1978,3966000
Louisiana,1979,4026000
Louisiana,1980,4199542
Louisiana,1981,4305000
Louisiana,1982,4362000
Louisiana,1983,4438000
Louisiana,1984,4462000
Louisiana,1985,4481000
Louisiana,1986,4501000
Louisiana,1987,4461000
Louisiana,1988,4420000
Louisiana,1989,4382000
Louisiana,1990,4219973
Louisiana,1991,4252000
Louisiana,1992,4287000
Louisiana,1993,4295000
Louisiana,1994,4315000
Louisiana,1995,4342000
Louisiana,1996,4351000
Louisiana,1997,4352000
Louisiana,1998,4369000
Louisiana,1999,4372035
Louisiana,2000,4468976
Louisiana,2001,4470368
Louisiana,2002,4476192
Louisiana,2003,4493665
Louisiana,2004,4506685
Louisiana,2005,4507331
Louisiana,2006,4287768
Louisiana,2007,4293204
Louisiana,2008,4410796
Louisiana,2009,4492076
Louisiana,2010,4545343
Louisiana,2011,4574766
Louisiana,2012,4601893
Maine,1960,969265
Maine,1961,992000
Maine,1962,999000
Maine,1963,982000
Maine,1964,989000
Maine,1965,993000
Maine,1966,983000
Maine,1967,973000
Maine,1968,979000
Maine,1969,978000
Maine,1970,993663
Maine,1971,1003000
Maine,1972,1029000
Maine,1973,1028000
Maine,1974,1047000
Maine,1975,1059000
Maine,1976,1070000
Maine,1977,1085000
Maine,1978,1091000
Maine,1979,1097000
Maine,1980,1123670
Maine,1981,1132000
Maine,1982,1133000
Maine,1983,1146000
Maine,1984,1156000
Maine,1985,1164000
Maine,1986,1174000
Maine,1987,1187000
Maine,1988,1206000
Maine,1989,1222000
Maine,1990,1227928
Maine,1991,1235000
Maine,1992,1235000
Maine,1993,1239000
Maine,1994,1240000
Maine,1995,1241000
Maine,1996,1243000
Maine,1997,1242000
Maine,1998,1244000
Maine,1999,1253040
Maine,2000,1274923
Maine,2001,1284470
Maine,2002,1294894
Maine,2003,1309205
Maine,2004,1314985
Maine,2005,1318220
Maine,2006,1321574
Maine,2007,1317207
Maine,2008,1316456
Maine,2009,1318301
Maine,2010,1327379
Maine,2011,1328544
Maine,2012,1329192
Maryland,1960,3100689
Maryland,1961,3188000
Maryland,1962,3191000
Maryland,1963,3289000
Maryland,1964,3432000
Maryland,1965,3519000
Maryland,1966,3613000
Maryland,1967,3682000
Maryland,1968,3757000
Maryland,1969,3765000
Maryland,1970,3922399
Maryland,1971,4000000
Maryland,1972,4056000
Maryland,1973,4070000
Maryland,1974,4094000
Maryland,1975,4098000
Maryland,1976,4144000
Maryland,1977,4139000
Maryland,1978,4143000
Maryland,1979,4149000
Maryland,1980,4192211
Maryland,1981,4261000
Maryland,1982,4265000
Maryland,1983,4304000
Maryland,1984,4349000
Maryland,1985,4392000
Maryland,1986,4463000
Maryland,1987,4535000
Maryland,1988,4644000
Maryland,1989,4694000
Maryland,1990,4781468
Maryland,1991,4860000
Maryland,1992,4908000
Maryland,1993,4965000
Maryland,1994,5006000
Maryland,1995,5042000
Maryland,1996,5072000
Maryland,1997,5094000
Maryland,1998,5135000
Maryland,1999,5171634
Maryland,2000,5296486
Maryland,2001,5386079
Maryland,2002,5450525
Maryland,2003,5512310
Maryland,2004,5561332
Maryland,2005,5589599
Maryland,2006,5615727
Maryland,2007,5618344
Maryland,2008,5633597
Maryland,2009,5699478
Maryland,2010,5785681
Maryland,2011,5839572
Maryland,2012,5884563
Massachusetts,1960,5148578
Massachusetts,1961,5234000
Massachusetts,1962,5161000
Massachusetts,1963,5218000
Massachusetts,1964,5338000
Massachusetts,1965,5348000
Massachusetts,1966,5383000
Massachusetts,1967,5421000
Massachusetts,1968,5437000
Massachusetts,1969,5467000
Massachusetts,1970,5689170
Massachusetts,1971,5758000
Massachusetts,1972,5787000
Massachusetts,1973,5818000
Massachusetts,1974,5800000
Massachusetts,1975,5828000
Massachusetts,1976,5809000
Massachusetts,1977,5782000
Massachusetts,1978,5774000
Massachusetts,1979,5769000
Massachusetts,1980,5728288
Massachusetts,1981,5770000
Massachusetts,1982,5781000
Massachusetts,1983,5767000
Massachusetts,1984,5798000
Massachusetts,1985,5822000
Massachusetts,1986,5832000
Massachusetts,1987,5855000
Massachusetts,1988,5871000
Massachusetts,1989,5913000
Massachusetts,1990,6016425
Massachusetts,1991,5996000
Massachusetts,1992,5998000
Massachusetts,1993,6012000
Massachusetts,1994,6041000
Massachusetts,1995,6074000
Massachusetts,1996,6092000
Massachusetts,1997,6118000
Massachusetts,1998,6147000
Massachusetts,1999,6175169
Massachusetts,2000,6349097
Massachusetts,2001,6401164
Massachusetts,2002,6421800
Massachusetts,2003,6420357
Massachusetts,2004,6407382
Massachusetts,2005,6433367
Massachusetts,2006,6437193
Massachusetts,2007,6449755
Massachusetts,2008,6497967
Massachusetts,2009,6593587
Massachusetts,2010,6555466
Massachusetts,2011,6607003
Massachusetts,2012,6646144
Michigan,1960,7823194
Michigan,1961,7954000
Michigan,1962,7991000
Michigan,1963,8116000
Michigan,1964,8098000
Michigan,1965,8218000
Michigan,1966,8374000
Michigan,1967,8584000
Michigan,1968,8740000
Michigan,1969,8766000
Michigan,1970,8875083
Michigan,1971,8997000
Michigan,1972,9082000
Michigan,1973,9044000
Michigan,1974,9098000
Michigan,1975,9157000
Michigan,1976,9104000
Michigan,1977,9129000
Michigan,1978,9189000
Michigan,1979,9208000
Michigan,1980,9228128
Michigan,1981,9201000
Michigan,1982,9109000
Michigan,1983,9069000
Michigan,1984,9075000
Michigan,1985,9088000
Michigan,1986,9145000
Michigan,1987,9200000
Michigan,1988,9300000
Michigan,1989,9273000
Michigan,1990,9295297
Michigan,1991,9368000
Michigan,1992,9437000
Michigan,1993,9478000
Michigan,1994,9496000
Michigan,1995,9549000
Michigan,1996,9594000
Michigan,1997,9774000
Michigan,1998,9817000
Michigan,1999,9863775
Michigan,2000,9938444
Michigan,2001,10006266
Michigan,2002,10043221
Michigan,2003,10082364
Michigan,2004,10104206
Michigan,2005,10100833
Michigan,2006,10095643
Michigan,2007,10071822
Michigan,2008,10003422
Michigan,2009,9969727
Michigan,2010,9877143
Michigan,2011,9876801
Michigan,2012,9883360
Minnesota,1960,3413864
Minnesota,1961,3470000
Minnesota,1962,3475000
Minnesota,1963,3500000
Minnesota,1964,3521000
Minnesota,1965,3554000
Minnesota,1966,3576000
Minnesota,1967,3582000
Minnesota,1968,3646000
Minnesota,1969,3700000
Minnesota,1970,3805069
Minnesota,1971,3881000
Minnesota,1972,3896000
Minnesota,1973,3897000
Minnesota,1974,3917000
Minnesota,1975,3926000
Minnesota,1976,3965000
Minnesota,1977,3975000
Minnesota,1978,4008000
Minnesota,1979,4060000
Minnesota,1980,4061235
Minnesota,1981,4090000
Minnesota,1982,4133000
Minnesota,1983,4144000
Minnesota,1984,4162000
Minnesota,1985,4193000
Minnesota,1986,4214000
Minnesota,1987,4246000
Minnesota,1988,4306000
Minnesota,1989,4353000
Minnesota,1990,4375099
Minnesota,1991,4432000
Minnesota,1992,4480000
Minnesota,1993,4517000
Minnesota,1994,4567000
Minnesota,1995,4610000
Minnesota,1996,4658000
Minnesota,1997,4686000
Minnesota,1998,4725000
Minnesota,1999,4775508
Minnesota,2000,4919479
Minnesota,2001,4984535
Minnesota,2002,5024791
Minnesota,2003,5064172
Minnesota,2004,5096546
Minnesota,2005,5126739
Minnesota,2006,5167101
Minnesota,2007,5197621
Minnesota,2008,5220393
Minnesota,2009,5266214
Minnesota,2010,5310658
Minnesota,2011,5347299
Minnesota,2012,5379139
Mississippi,1960,2178141
Mississippi,1961,2215000
Mississippi,1962,2248000
Mississippi,1963,2290000
Mississippi,1964,2314000
Mississippi,1965,2321000
Mississippi,1966,2327000
Mississippi,1967,2348000
Mississippi,1968,2342000
Mississippi,1969,2363000
Mississippi,1970,2216912
Mississippi,1971,2226000
Mississippi,1972,2263000
Mississippi,1973,2281000
Mississippi,1974,2324000
Mississippi,1975,2346000
Mississippi,1976,2354000
Mississippi,1977,2389000
Mississippi,1978,2404000
Mississippi,1979,2406000
Mississippi,1980,2511491
Mississippi,1981,2530000
Mississippi,1982,2551000
Mississippi,1983,2587000
Mississippi,1984,2598000
Mississippi,1985,2613000
Mississippi,1986,2625000
Mississippi,1987,2625000
Mississippi,1988,2627000
Mississippi,1989,2621000
Mississippi,1990,2573216
Mississippi,1991,2592000
Mississippi,1992,2614000
Mississippi,1993,2643000
Mississippi,1994,2669000
Mississippi,1995,2697000
Mississippi,1996,2716000
Mississippi,1997,2731000
Mississippi,1998,2752000
Mississippi,1999,2768619
Mississippi,2000,2844658
Mississippi,2001,2859733
Mississippi,2002,2866733
Mississippi,2003,2882594
Mississippi,2004,2900768
Mississippi,2005,2908496
Mississippi,2006,2910540
Mississippi,2007,2918785
Mississippi,2008,2938618
Mississippi,2009,2951996
Mississippi,2010,2970072
Mississippi,2011,2977457
Mississippi,2012,2984926
Missouri,1960,4319813
Missouri,1961,4378000
Missouri,1962,4346000
Missouri,1963,4328000
Missouri,1964,4409000
Missouri,1965,4497000
Missouri,1966,4508000
Missouri,1967,4603000
Missouri,1968,4627000
Missouri,1969,4651000
Missouri,1970,4677399
Missouri,1971,4749000
Missouri,1972,4753000
Missouri,1973,4757000
Missouri,1974,4777000
Missouri,1975,4763000
Missouri,1976,4778000
Missouri,1977,4801000
Missouri,1978,4860000
Missouri,1979,4868000
Missouri,1980,4901288
Missouri,1981,4938000
Missouri,1982,4951000
Missouri,1983,4970000
Missouri,1984,5008000
Missouri,1985,5029000
Missouri,1986,5066000
Missouri,1987,5103000
Missouri,1988,5139000
Missouri,1989,5159000
Missouri,1990,5117073
Missouri,1991,5158000
Missouri,1992,5193000
Missouri,1993,5234000
Missouri,1994,5278000
Missouri,1995,5324000
Missouri,1996,5359000
Missouri,1997,5402000
Missouri,1998,5439000
Missouri,1999,5468338
Missouri,2000,5595211
Missouri,2001,5637309
Missouri,2002,5669544
Missouri,2003,5719204
Missouri,2004,5759532
Missouri,2005,5797703
Missouri,2006,5842713
Missouri,2007,5878415
Missouri,2008,5911605
Missouri,2009,5987580
Missouri,2010,5995715
Missouri,2011,6008984
Missouri,2012,6021988
Montana,1960,674767
Montana,1961,682000
Montana,1962,709000
Montana,1963,707000
Montana,1964,705000
Montana,1965,706000
Montana,1966,702000
Montana,1967,701000
Montana,1968,693000
Montana,1969,694000
Montana,1970,694409
Montana,1971,708000
Montana,1972,719000
Montana,1973,721000
Montana,1974,735000
Montana,1975,748000
Montana,1976,753000
Montana,1977,761000
Montana,1978,785000
Montana,1979,786000
Montana,1980,781592
Montana,1981,792000
Montana,1982,801000
Montana,1983,817000
Montana,1984,824000
Montana,1985,826000
Montana,1986,819000
Montana,1987,809000
Montana,1988,804000
Montana,1989,806000
Montana,1990,799065
Montana,1991,808000
Montana,1992,824000
Montana,1993,839000
Montana,1994,856000
Montana,1995,870000
Montana,1996,879000
Montana,1997,879000
Montana,1998,880000
Montana,1999,882779
Montana,2000,902195
Montana,2001,905382
Montana,2002,910372
Montana,2003,918157
Montana,2004,926920
Montana,2005,934737
Montana,2006,944632
Montana,2007,957861
Montana,2008,967440
Montana,2009,974989
Montana,2010,990958
Montana,2011,997667
Montana,2012,1005141
Nebraska,1960,1411330
Nebraska,1961,1431000
Nebraska,1962,1484000
Nebraska,1963,1460000
Nebraska,1964,1480000
Nebraska,1965,1477000
Nebraska,1966,1456000
Nebraska,1967,1435000
Nebraska,1968,1437000
Nebraska,1969,1449000
Nebraska,1970,1483791
Nebraska,1971,1512000
Nebraska,1972,1525000
Nebraska,1973,1542000
Nebraska,1974,1543000
Nebraska,1975,1546000
Nebraska,1976,1553000
Nebraska,1977,1561000
Nebraska,1978,1565000
Nebraska,1979,1574000
Nebraska,1980,1563921
Nebraska,1981,1576000
Nebraska,1982,1586000
Nebraska,1983,1597000
Nebraska,1984,1606000
Nebraska,1985,1606000
Nebraska,1986,1598000
Nebraska,1987,1594000
Nebraska,1988,1601000
Nebraska,1989,1611000
Nebraska,1990,1578385
Nebraska,1991,1593000
Nebraska,1992,1606000
Nebraska,1993,1607000
Nebraska,1994,1623000
Nebraska,1995,1637000
Nebraska,1996,1652000
Nebraska,1997,1657000
Nebraska,1998,1663000
Nebraska,1999,1666028
Nebraska,2000,1711263
Nebraska,2001,1720039
Nebraska,2002,1727564
Nebraska,2003,1737475
Nebraska,2004,1747704
Nebraska,2005,1758163
Nebraska,2006,1768331
Nebraska,2007,1774571
Nebraska,2008,1783432
Nebraska,2009,1796619
Nebraska,2010,1830141
Nebraska,2011,1842234
Nebraska,2012,1855525
Nevada,1960,285278
Nevada,1961,299000
Nevada,1962,335000
Nevada,1963,368000
Nevada,1964,408000
Nevada,1965,440000
Nevada,1966,454000
Nevada,1967,444000
Nevada,1968,453000
Nevada,1969,457000
Nevada,1970,488738
Nevada,1971,507000
Nevada,1972,527000
Nevada,1973,548000
Nevada,1974,573000
Nevada,1975,592000
Nevada,1976,610000
Nevada,1977,633000
Nevada,1978,660000
Nevada,1979,702000
Nevada,1980,800312
Nevada,1981,845000
Nevada,1982,881000
Nevada,1983,891000
Nevada,1984,911000
Nevada,1985,936000
Nevada,1986,963000
Nevada,1987,1007000
Nevada,1988,1060000
Nevada,1989,1111000
Nevada,1990,1201833
Nevada,1991,1284000
Nevada,1992,1327000
Nevada,1993,1389000
Nevada,1994,1457000
Nevada,1995,1530000
Nevada,1996,1603000
Nevada,1997,1677000
Nevada,1998,1747000
Nevada,1999,1809253
Nevada,2000,1998257
Nevada,2001,2097722
Nevada,2002,2167455
Nevada,2003,2242207
Nevada,2004,2332898
Nevada,2005,2412301
Nevada,2006,2495529
Nevada,2007,2565382
Nevada,2008,2600167
Nevada,2009,2643085
Nevada,2010,2704283
Nevada,2011,2720028
Nevada,2012,2758931
New Hampshire,1960,606921
New Hampshire,1961,621000
New Hampshire,1962,632000
New Hampshire,1963,627000
New Hampshire,1964,654000
New Hampshire,1965,669000
New Hampshire,1966,681000
New Hampshire,1967,686000
New Hampshire,1968,702000
New Hampshire,1969,717000
New Hampshire,1970,737681
New Hampshire,1971,762000
New Hampshire,1972,771000
New Hampshire,1973,791000
New Hampshire,1974,808000
New Hampshire,1975,818000
New Hampshire,1976,822000
New Hampshire,1977,849000
New Hampshire,1978,871000
New Hampshire,1979,887000
New Hampshire,1980,919114
New Hampshire,1981,935000
New Hampshire,1982,951000
New Hampshire,1983,959000
New Hampshire,1984,977000
New Hampshire,1985,998000
New Hampshire,1986,1027000
New Hampshire,1987,1057000
New Hampshire,1988,1097000
New Hampshire,1989,1107000
New Hampshire,1990,1109252
New Hampshire,1991,1105000
New Hampshire,1992,1111000
New Hampshire,1993,1125000
New Hampshire,1994,1137000
New Hampshire,1995,1148000
New Hampshire,1996,1162000
New Hampshire,1997,1173000
New Hampshire,1998,1185000
New Hampshire,1999,1201134
New Hampshire,2000,1235786
New Hampshire,2001,1259359
New Hampshire,2002,1274405
New Hampshire,2003,1288705
New Hampshire,2004,1299169
New Hampshire,2005,1306819
New Hampshire,2006,1314895
New Hampshire,2007,1315828
New Hampshire,2008,1315809
New Hampshire,2009,1324575
New Hampshire,2010,1316807
New Hampshire,2011,1317807
New Hampshire,2012,1320718
New Jersey,1960,6066782
New Jersey,1961,6244000
New Jersey,1962,6245000
New Jersey,1963,6470000
New Jersey,1964,6682000
New Jersey,1965,6774000
New Jersey,1966,6898000
New Jersey,1967,7003000
New Jersey,1968,7078000
New Jersey,1969,7148000
New Jersey,1970,7168164
New Jersey,1971,7300000
New Jersey,1972,7367000
New Jersey,1973,7361000
New Jersey,1974,7330000
New Jersey,1975,7316000
New Jersey,1976,7336000
New Jersey,1977,7329000
New Jersey,1978,7327000
New Jersey,1979,7332000
New Jersey,1980,7342164
New Jersey,1981,7401000
New Jersey,1982,7438000
New Jersey,1983,7468000
New Jersey,1984,7515000
New Jersey,1985,7562000
New Jersey,1986,7620000
New Jersey,1987,7672000
New Jersey,1988,7720000
New Jersey,1989,7736000
New Jersey,1990,7730188
New Jersey,1991,7760000
New Jersey,1992,7789000
New Jersey,1993,7879000
New Jersey,1994,7904000
New Jersey,1995,7945000
New Jersey,1996,7988000
New Jersey,1997,8053000
New Jersey,1998,8115000
New Jersey,1999,8143412
New Jersey,2000,8414350
New Jersey,2001,8511116
New Jersey,2002,8575252
New Jersey,2003,8642412
New Jersey,2004,8685166
New Jersey,2005,8703150
New Jersey,2006,8724560
New Jersey,2007,8685920
New Jersey,2008,8682661
New Jersey,2009,8707739
New Jersey,2010,8799593
New Jersey,2011,8834773
New Jersey,2012,8864590
New Mexico,1960,951023
New Mexico,1961,983000
New Mexico,1962,1020000
New Mexico,1963,1018000
New Mexico,1964,1008000
New Mexico,1965,1029000
New Mexico,1966,1022000
New Mexico,1967,1003000
New Mexico,1968,1015000
New Mexico,1969,994000
New Mexico,1970,1016000
New Mexico,1971,1030000
New Mexico,1972,1065000
New Mexico,1973,1106000
New Mexico,1974,1122000
New Mexico,1975,1147000
New Mexico,1976,1168000
New Mexico,1977,1190000
New Mexico,1978,1212000
New Mexico,1979,1241000
New Mexico,1980,1295474
New Mexico,1981,1327000
New Mexico,1982,1359000
New Mexico,1983,1399000
New Mexico,1984,1424000
New Mexico,1985,1450000
New Mexico,1986,1479000
New Mexico,1987,1500000
New Mexico,1988,1510000
New Mexico,1989,1528000
New Mexico,1990,1515069
New Mexico,1991,1548000
New Mexico,1992,1581000
New Mexico,1993,1616000
New Mexico,1994,1654000
New Mexico,1995,1685000
New Mexico,1996,1713000
New Mexico,1997,1730000
New Mexico,1998,1737000
New Mexico,1999,1739844
New Mexico,2000,1819046
New Mexico,2001,1830935
New Mexico,2002,1852044
New Mexico,2003,1878562
New Mexico,2004,1903006
New Mexico,2005,1925985
New Mexico,2006,1954599
New Mexico,2007,1969915
New Mexico,2008,1984356
New Mexico,2009,2009671
New Mexico,2010,2065913
New Mexico,2011,2078674
New Mexico,2012,2085538
New York,1965,18073000
New York,1966,18258000
New York,1967,18336000
New York,1968,18113000
New York,1969,18321000
New York,1970,18190740
New York,1971,18391000
New York,1972,18366000
New York,1973,18265000
New York,1974,18111000
New York,1975,18120000
New York,1976,18084000
New York,1977,17924000
New York,1978,17748000
New York,1979,17649000
New York,1980,17506690
New York,1981,17594000
New York,1982,17659000
New York,1983,17667000
New York,1984,17735000
New York,1985,17783000
New York,1986,17772000
New York,1987,17825000
New York,1988,17898000
New York,1989,17950000
New York,1990,17990455
New York,1991,18058000
New York,1992,18119000
New York,1993,18197000
New York,1994,18169000
New York,1995,18136000
New York,1996,18185000
New York,1997,18137000
New York,1998,18175000
New York,1999,18196601
New York,2000,18976457
New York,2001,19084350
New York,2002,19134293
New York,2003,19212425
New York,2004,19280727
New York,2005,19315721
New York,2006,19306183
New York,2007,19297729
New York,2008,19490297
New York,2009,19541453
New York,2010,19395206
New York,2011,19501616
New York,2012,19570261
North Carolina,1960,4556155
North Carolina,1961,4614000
North Carolina,1962,4731000
North Carolina,1963,4760000
North Carolina,1964,4852000
North Carolina,1965,4914000
North Carolina,1966,5000000
North Carolina,1967,5029000
North Carolina,1968,5135000
North Carolina,1969,5205000
North Carolina,1970,5082059
North Carolina,1971,5146000
North Carolina,1972,5214000
North Carolina,1973,5273000
North Carolina,1974,5363000
North Carolina,1975,5451000
North Carolina,1976,5469000
North Carolina,1977,5525000
North Carolina,1978,5577000
North Carolina,1979,5606000
North Carolina,1980,5843665
North Carolina,1981,5951000
North Carolina,1982,6019000
North Carolina,1983,6082000
North Carolina,1984,6165000
North Carolina,1985,6255000
North Carolina,1986,6331000
North Carolina,1987,6413000
North Carolina,1988,6526000
North Carolina,1989,6571000
North Carolina,1990,6628637
North Carolina,1991,6737000
North Carolina,1992,6843000
North Carolina,1993,6945000
North Carolina,1994,7070000
North Carolina,1995,7195000
North Carolina,1996,7323000
North Carolina,1997,7425000
North Carolina,1998,7546000
North Carolina,1999,7650789
North Carolina,2000,8049313
North Carolina,2001,8206105
North Carolina,2002,8305820
North Carolina,2003,8421190
North Carolina,2004,8540468
North Carolina,2005,8672459
North Carolina,2006,8856505
North Carolina,2007,9061032
North Carolina,2008,9222414
North Carolina,2009,9380884
North Carolina,2010,9560234
North Carolina,2011,9651103
North Carolina,2012,9752073
North Dakota,1960,632446
North Dakota,1961,640000
North Dakota,1962,642000
North Dakota,1963,634000
North Dakota,1964,645000
North Dakota,1965,652000
North Dakota,1966,650000
North Dakota,1967,639000
North Dakota,1968,625000
North Dakota,1969,615000
North Dakota,1970,617761
North Dakota,1971,625000
North Dakota,1972,632000
North Dakota,1973,640000
North Dakota,1974,637000
North Dakota,1975,635000
North Dakota,1976,643000
North Dakota,1977,653000
North Dakota,1978,652000
North Dakota,1979,657000
North Dakota,1980,652437
North Dakota,1981,658000
North Dakota,1982,670000
North Dakota,1983,680000
North Dakota,1984,686000
North Dakota,1985,685000
North Dakota,1986,679000
North Dakota,1987,672000
North Dakota,1988,663000
North Dakota,1989,660000
North Dakota,1990,638800
North Dakota,1991,635000
North Dakota,1992,636000
North Dakota,1993,635000
North Dakota,1994,638000
North Dakota,1995,641000
North Dakota,1996,644000
North Dakota,1997,641000
North Dakota,1998,638000
North Dakota,1999,633666
North Dakota,2000,642200
North Dakota,2001,636550
North Dakota,2002,633911
North Dakota,2003,633400
North Dakota,2004,636308
North Dakota,2005,634605
North Dakota,2006,635867
North Dakota,2007,639715
North Dakota,2008,641481
North Dakota,2009,646844
North Dakota,2010,674629
North Dakota,2011,684740
North Dakota,2012,699628
Ohio,1960,9706397
Ohio,1961,9876000
Ohio,1962,10097000
Ohio,1963,10173000
Ohio,1964,10100000
Ohio,1965,10245000
Ohio,1966,10305000
Ohio,1967,10458000
Ohio,1968,10591000
Ohio,1969,10740000
Ohio,1970,10652017
Ohio,1971,10778000
Ohio,1972,10783000
Ohio,1973,10731000
Ohio,1974,10737000
Ohio,1975,10759000
Ohio,1976,10690000
Ohio,1977,10701000
Ohio,1978,10749000
Ohio,1979,10731000
Ohio,1980,10766808
Ohio,1981,10776000
Ohio,1982,10791000
Ohio,1983,10746000
Ohio,1984,10752000
Ohio,1985,10744000
Ohio,1986,10752000
Ohio,1987,10784000
Ohio,1988,10872000
Ohio,1989,10907000
Ohio,1990,10847115
Ohio,1991,10939000
Ohio,1992,11016000
Ohio,1993,11091000
Ohio,1994,11102000
Ohio,1995,11151000
Ohio,1996,11173000
Ohio,1997,11186000
Ohio,1998,11209000
Ohio,1999,11256654
Ohio,2000,11353140
Ohio,2001,11389785
Ohio,2002,11408699
Ohio,2003,11437680
Ohio,2004,11450143
Ohio,2005,11470685
Ohio,2006,11478006
Ohio,2007,11466917
Ohio,2008,11485910
Ohio,2009,11542645
Ohio,2010,11537968
Ohio,2011,11541007
Ohio,2012,11544225
Oklahoma,1960,2328284
Oklahoma,1961,2360000
Oklahoma,1962,2448000
Oklahoma,1963,2487000
Oklahoma,1964,2465000
Oklahoma,1965,2482000
Oklahoma,1966,2458000
Oklahoma,1967,2495000
Oklahoma,1968,2518000
Oklahoma,1969,2568000
Oklahoma,1970,2559253
Oklahoma,1971,2610000
Oklahoma,1972,2634000
Oklahoma,1973,2663000
Oklahoma,1974,2709000
Oklahoma,1975,2712000
Oklahoma,1976,2766000
Oklahoma,1977,2811000
Oklahoma,1978,2880000
Oklahoma,1979,2892000
Oklahoma,1980,3001252
Oklahoma,1981,3098000
Oklahoma,1982,3177000
Oklahoma,1983,3298000
Oklahoma,1984,3298000
Oklahoma,1985,3301000
Oklahoma,1986,3305000
Oklahoma,1987,3272000
Oklahoma,1988,3263000
Oklahoma,1989,3224000
Oklahoma,1990,3145585
Oklahoma,1991,3175000
Oklahoma,1992,3212000
Oklahoma,1993,3231000
Oklahoma,1994,3258000
Oklahoma,1995,3278000
Oklahoma,1996,3301000
Oklahoma,1997,3317000
Oklahoma,1998,3347000
Oklahoma,1999,3358044
Oklahoma,2000,3450654
Oklahoma,2001,3469577
Oklahoma,2002,3489700
Oklahoma,2003,3506469
Oklahoma,2004,3523546
Oklahoma,2005,3543442
Oklahoma,2006,3579212
Oklahoma,2007,3617316
Oklahoma,2008,3642361
Oklahoma,2009,3687050
Oklahoma,2010,3760184
Oklahoma,2011,3784163
Oklahoma,2012,3814820
Oregon,1960,1768687
Oregon,1961,1799000
Oregon,1962,1864000
Oregon,1963,1826000
Oregon,1964,1871000
Oregon,1965,1899000
Oregon,1966,1955000
Oregon,1967,1999000
Oregon,1968,2008000
Oregon,1969,2032000
Oregon,1970,2091385
Oregon,1971,2158000
Oregon,1972,2182000
Oregon,1973,2225000
Oregon,1974,2266000
Oregon,1975,2288000
Oregon,1976,2329000
Oregon,1977,2376000
Oregon,1978,2444000
Oregon,1979,2527000
Oregon,1980,2610477
Oregon,1981,2647000
Oregon,1982,2649000
Oregon,1983,2662000
Oregon,1984,2674000
Oregon,1985,2687000
Oregon,1986,2698000
Oregon,1987,2724000
Oregon,1988,2741000
Oregon,1989,2820000
Oregon,1990,2842321
Oregon,1991,2922000
Oregon,1992,2977000
Oregon,1993,3032000
Oregon,1994,3086000
Oregon,1995,3141000
Oregon,1996,3204000
Oregon,1997,3243000
Oregon,1998,3282000
Oregon,1999,3316154
Oregon,2000,3421399
Oregon,2001,3473441
Oregon,2002,3520355
Oregon,2003,3564330
Oregon,2004,3591363
Oregon,2005,3638871
Oregon,2006,3700758
Oregon,2007,3747455
Oregon,2008,3790060
Oregon,2009,3825657
Oregon,2010,3838332
Oregon,2011,3868229
Oregon,2012,3899353
Pennsylvania,1960,11319366
Pennsylvania,1961,11468000
Pennsylvania,1962,11376000
Pennsylvania,1963,11424000
Pennsylvania,1964,11459000
Pennsylvania,1965,11520000
Pennsylvania,1966,11582000
Pennsylvania,1967,11629000
Pennsylvania,1968,11712000
Pennsylvania,1969,11803000
Pennsylvania,1970,11793909
Pennsylvania,1971,11879000
Pennsylvania,1972,11926000
Pennsylvania,1973,11902000
Pennsylvania,1974,11835000
Pennsylvania,1975,11827000
Pennsylvania,1976,11862000
Pennsylvania,1977,11785000
Pennsylvania,1978,11750000
Pennsylvania,1979,11731000
Pennsylvania,1980,11824220
Pennsylvania,1981,11864000
Pennsylvania,1982,11865000
Pennsylvania,1983,11895000
Pennsylvania,1984,11901000
Pennsylvania,1985,11853000
Pennsylvania,1986,11889000
Pennsylvania,1987,11936000
Pennsylvania,1988,12027000
Pennsylvania,1989,12040000
Pennsylvania,1990,11881643
Pennsylvania,1991,11961000
Pennsylvania,1992,12009000
Pennsylvania,1993,12048000
Pennsylvania,1994,12052000
Pennsylvania,1995,12072000
Pennsylvania,1996,12056000
Pennsylvania,1997,12020000
Pennsylvania,1998,12001000
Pennsylvania,1999,11994016
Pennsylvania,2000,12281054
Pennsylvania,2001,12303104
Pennsylvania,2002,12328827
Pennsylvania,2003,12370761
Pennsylvania,2004,12394471
Pennsylvania,2005,12405348
Pennsylvania,2006,12440621
Pennsylvania,2007,12432792
Pennsylvania,2008,12448279
Pennsylvania,2009,12604767
Pennsylvania,2010,12717722
Pennsylvania,2011,12743948
Pennsylvania,2012,12763536
Rhode Island,1960,859488
Rhode Island,1961,867000
Rhode Island,1962,865000
Rhode Island,1963,885000
Rhode Island,1964,914000
Rhode Island,1965,920000
Rhode Island,1966,898000
Rhode Island,1967,900000
Rhode Island,1968,913000
Rhode Island,1969,911000
Rhode Island,1970,949723
Rhode Island,1971,960000
Rhode Island,1972,968000
Rhode Island,1973,973000
Rhode Island,1974,937000
Rhode Island,1975,927000
Rhode Island,1976,927000
Rhode Island,1977,935000
Rhode Island,1978,935000
Rhode Island,1979,929000
Rhode Island,1980,945835
Rhode Island,1981,952000
Rhode Island,1982,958000
Rhode Island,1983,955000
Rhode Island,1984,962000
Rhode Island,1985,968000
Rhode Island,1986,975000
Rhode Island,1987,986000
Rhode Island,1988,995000
Rhode Island,1989,998000
Rhode Island,1990,1003464
Rhode Island,1991,1004000
Rhode Island,1992,1005000
Rhode Island,1993,1000000
Rhode Island,1994,997000
Rhode Island,1995,990000
Rhode Island,1996,990000
Rhode Island,1997,987000
Rhode Island,1998,988000
Rhode Island,1999,990819
Rhode Island,2000,1048319
Rhode Island,2001,1059659
Rhode Island,2002,1068326
Rhode Island,2003,1076084
Rhode Island,2004,1079916
Rhode Island,2005,1073579
Rhode Island,2006,1067610
Rhode Island,2007,1057832
Rhode Island,2008,1050788
Rhode Island,2009,1053209
Rhode Island,2010,1052528
Rhode Island,2011,1050646
Rhode Island,2012,1050292
South Carolina,1960,2382594
South Carolina,1961,2407000
South Carolina,1962,2436000
South Carolina,1963,2483000
South Carolina,1964,2555000
South Carolina,1965,2542000
South Carolina,1966,2586000
South Carolina,1967,2599000
South Carolina,1968,2692000
South Carolina,1969,2692000
South Carolina,1970,2590516
South Carolina,1971,2627000
South Carolina,1972,2665000
South Carolina,1973,2726000
South Carolina,1974,2784000
South Carolina,1975,2818000
South Carolina,1976,2848000
South Carolina,1977,2876000
South Carolina,1978,2918000
South Carolina,1979,2932000
South Carolina,1980,3064557
South Carolina,1981,3166000
South Carolina,1982,3203000
South Carolina,1983,3264000
South Carolina,1984,3300000
South Carolina,1985,3347000
South Carolina,1986,3378000
South Carolina,1987,3425000
South Carolina,1988,3493000
South Carolina,1989,3512000
South Carolina,1990,3486703
South Carolina,1991,3560000
South Carolina,1992,3603000
South Carolina,1993,3643000
South Carolina,1994,3664000
South Carolina,1995,3673000
South Carolina,1996,3699000
South Carolina,1997,3760000
South Carolina,1998,3836000
South Carolina,1999,3885736
South Carolina,2000,4012012
South Carolina,2001,4062125
South Carolina,2002,4103770
South Carolina,2003,4148744
South Carolina,2004,4197892
South Carolina,2005,4246933
South Carolina,2006,4321249
South Carolina,2007,4407709
South Carolina,2008,4479800
South Carolina,2009,4561242
South Carolina,2010,4637106
South Carolina,2011,4673348
South Carolina,2012,4723723
South Dakota,1960,680514
South Dakota,1961,690000
South Dakota,1962,721000
South Dakota,1963,737000
South Dakota,1964,715000
South Dakota,1965,703000
South Dakota,1966,682000
South Dakota,1967,674000
South Dakota,1968,657000
South Dakota,1969,659000
South Dakota,1970,666257
South Dakota,1971,670000
South Dakota,1972,679000
South Dakota,1973,685000
South Dakota,1974,682000
South Dakota,1975,683000
South Dakota,1976,686000
South Dakota,1977,689000
South Dakota,1978,690000
South Dakota,1979,689000
South Dakota,1980,688217
South Dakota,1981,685000
South Dakota,1982,691000
South Dakota,1983,700000
South Dakota,1984,706000
South Dakota,1985,708000
South Dakota,1986,708000
South Dakota,1987,709000
South Dakota,1988,715000
South Dakota,1989,715000
South Dakota,1990,696004
South Dakota,1991,703000
South Dakota,1992,711000
South Dakota,1993,715000
South Dakota,1994,721000
South Dakota,1995,729000
South Dakota,1996,732000
South Dakota,1997,738000
South Dakota,1998,738000
South Dakota,1999,733133
South Dakota,2000,754844
South Dakota,2001,758324
South Dakota,2002,760437
South Dakota,2003,764905
South Dakota,2004,770621
South Dakota,2005,774883
South Dakota,2006,781919
South Dakota,2007,796214
South Dakota,2008,804194
South Dakota,2009,812383
South Dakota,2010,816598
South Dakota,2011,823593
South Dakota,2012,833354
Tennessee,1960,3567089
Tennessee,1961,3615000
Tennessee,1962,3634000
Tennessee,1963,3694000
Tennessee,1964,3798000
Tennessee,1965,3845000
Tennessee,1966,3883000
Tennessee,1967,3892000
Tennessee,1968,3976000
Tennessee,1969,3985000
Tennessee,1970,3924164
Tennessee,1971,3990000
Tennessee,1972,4031000
Tennessee,1973,4126000
Tennessee,1974,4129000
Tennessee,1975,4188000
Tennessee,1976,4214000
Tennessee,1977,4299000
Tennessee,1978,4357000
Tennessee,1979,4380000
Tennessee,1980,4545590
Tennessee,1981,4610000
Tennessee,1982,4651000
Tennessee,1983,4685000
Tennessee,1984,4717000
Tennessee,1985,4762000
Tennessee,1986,4803000
Tennessee,1987,4855000
Tennessee,1988,4919000
Tennessee,1989,4940000
Tennessee,1990,4877185
Tennessee,1991,4953000
Tennessee,1992,5024000
Tennessee,1993,5099000
Tennessee,1994,5175000
Tennessee,1995,5256000
Tennessee,1996,5320000
Tennessee,1997,5368000
Tennessee,1998,5431000
Tennessee,1999,5483535
Tennessee,2000,5689283
Tennessee,2001,5749398
Tennessee,2002,5789796
Tennessee,2003,5845208
Tennessee,2004,5893298
Tennessee,2005,5955745
Tennessee,2006,6038803
Tennessee,2007,6156719
Tennessee,2008,6214888
Tennessee,2009,6296254
Tennessee,2010,6357436
Tennessee,2011,6399787
Tennessee,2012,6456243
Texas,1960,9579677
Texas,1961,9788000
Texas,1962,10116000
Texas,1963,10323000
Texas,1964,10397000
Texas,1965,10551000
Texas,1966,10752000
Texas,1967,10869000
Texas,1968,10972000
Texas,1969,11187000
Texas,1970,11196000
Texas,1971,11460000
Texas,1972,11649000
Texas,1973,11794000
Texas,1974,12050000
Texas,1975,12237000
Texas,1976,12487000
Texas,1977,12830000
Texas,1978,13014000
Texas,1979,13385000
Texas,1980,14169829
Texas,1981,14755000
Texas,1982,15280000
Texas,1983,15724000
Texas,1984,15989000
Texas,1985,16370000
Texas,1986,16682000
Texas,1987,16789000
Texas,1988,16780000
Texas,1989,16991000
Texas,1990,16986510
Texas,1991,17349000
Texas,1992,17656000
Texas,1993,18031000
Texas,1994,18378000
Texas,1995,18724000
Texas,1996,19128000
Texas,1997,19439000
Texas,1998,19760000
Texas,1999,20044141
Texas,2000,20851820
Texas,2001,21370983
Texas,2002,21736925
Texas,2003,22103374
Texas,2004,22471549
Texas,2005,22928508
Texas,2006,23507783
Texas,2007,23904380
Texas,2008,24326974
Texas,2009,24782302
Texas,2010,25253466
Texas,2011,25631778
Texas,2012,26059203
Utah,1960,890627
Utah,1961,916000
Utah,1962,967000
Utah,1963,983000
Utah,1964,992000
Utah,1965,990000
Utah,1966,1008000
Utah,1967,1024000
Utah,1968,1034000
Utah,1969,1045000
Utah,1970,1059273
Utah,1971,1099000
Utah,1972,1126000
Utah,1973,1157000
Utah,1974,1173000
Utah,1975,1206000
Utah,1976,1228000
Utah,1977,1268000
Utah,1978,1307000
Utah,1979,1367000
Utah,1980,1458729
Utah,1981,1516000
Utah,1982,1554000
Utah,1983,1619000
Utah,1984,1652000
Utah,1985,1645000
Utah,1986,1665000
Utah,1987,1680000
Utah,1988,1691000
Utah,1989,1707000
Utah,1990,1722850
Utah,1991,1770000
Utah,1992,1813000
Utah,1993,1860000
Utah,1994,1908000
Utah,1995,1951000
Utah,1996,2000000
Utah,1997,2059000
Utah,1998,2100000
Utah,1999,2129836
Utah,2000,2233169
Utah,2001,2278712
Utah,2002,2318789
Utah,2003,2352119
Utah,2004,2420708
Utah,2005,2490334
Utah,2006,2550063
Utah,2007,2645330
Utah,2008,2736424
Utah,2009,2784572
Utah,2010,2775479
Utah,2011,2814347
Utah,2012,2855287
Vermont,1960,389881
Vermont,1961,395000
Vermont,1962,390000
Vermont,1963,390000
Vermont,1964,409000
Vermont,1965,397000
Vermont,1966,405000
Vermont,1967,417000
Vermont,1968,422000
Vermont,1969,439000
Vermont,1970,444732
Vermont,1971,458000
Vermont,1972,462000
Vermont,1973,464000
Vermont,1974,470000
Vermont,1975,471000
Vermont,1976,476000
Vermont,1977,483000
Vermont,1978,487000
Vermont,1979,493000
Vermont,1980,511299
Vermont,1981,515000
Vermont,1982,516000
Vermont,1983,525000
Vermont,1984,530000
Vermont,1985,535000
Vermont,1986,541000
Vermont,1987,548000
Vermont,1988,556000
Vermont,1989,567000
Vermont,1990,562758
Vermont,1991,567000
Vermont,1992,570000
Vermont,1993,576000
Vermont,1994,580000
Vermont,1995,585000
Vermont,1996,589000
Vermont,1997,589000
Vermont,1998,591000
Vermont,1999,593740
Vermont,2000,608827
Vermont,2001,612978
Vermont,2002,616408
Vermont,2003,619343
Vermont,2004,621233
Vermont,2005,622387
Vermont,2006,623908
Vermont,2007,621254
Vermont,2008,621270
Vermont,2009,621760
Vermont,2010,625909
Vermont,2011,626592
Vermont,2012,626011
Virginia,1960,3966949
Virginia,1961,4059000
Virginia,1962,4177000
Virginia,1963,4331000
Virginia,1964,4378000
Virginia,1965,4457000
Virginia,1966,4507000
Virginia,1967,4536000
Virginia,1968,4597000
Virginia,1969,4669000
Virginia,1970,4648494
Virginia,1971,4714000
Virginia,1972,4764000
Virginia,1973,4811000
Virginia,1974,4908000
Virginia,1975,4967000
Virginia,1976,5032000
Virginia,1977,5135000
Virginia,1978,5148000
Virginia,1979,5197000
Virginia,1980,5323412
Virginia,1981,5426000
Virginia,1982,5491000
Virginia,1983,5550000
Virginia,1984,5636000
Virginia,1985,5706000
Virginia,1986,5787000
Virginia,1987,5904000
Virginia,1988,5996000
Virginia,1989,6098000
Virginia,1990,6187358
Virginia,1991,6286000
Virginia,1992,6377000
Virginia,1993,6491000
Virginia,1994,6552000
Virginia,1995,6618000
Virginia,1996,6675000
Virginia,1997,6734000
Virginia,1998,6791000
Virginia,1999,6872912
Virginia,2000,7078515
Virginia,2001,7196750
Virginia,2002,7287829
Virginia,2003,7365284
Virginia,2004,7481332
Virginia,2005,7564327
Virginia,2006,7642884
Virginia,2007,7712091
Virginia,2008,7769089
Virginia,2009,7882590
Virginia,2010,8023953
Virginia,2011,8104384
Virginia,2012,8185867
Washington,1960,2853214
Washington,1961,2902000
Washington,1962,3006000
Washington,1963,3050000
Washington,1964,2984000
Washington,1965,2990000
Washington,1966,2980000
Washington,1967,3087000
Washington,1968,3276000
Washington,1969,3402000
Washington,1970,3409169
Washington,1971,3449000
Washington,1972,3443000
Washington,1973,3429000
Washington,1974,3476000
Washington,1975,3544000
Washington,1976,3612000
Washington,1977,3658000
Washington,1978,3774000
Washington,1979,3926000
Washington,1980,4113331
Washington,1981,4212000
Washington,1982,4245000
Washington,1983,4300000
Washington,1984,4349000
Washington,1985,4409000
Washington,1986,4463000
Washington,1987,4538000
Washington,1988,4619000
Washington,1989,4761000
Washington,1990,4866692
Washington,1991,5018000
Washington,1992,5136000
Washington,1993,5255000
Washington,1994,5343000
Washington,1995,5431000
Washington,1996,5533000
Washington,1997,5610000
Washington,1998,5689000
Washington,1999,5756361
Washington,2000,5894121
Washington,2001,5993390
Washington,2002,6067060
Washington,2003,6131298
Washington,2004,6207046
Washington,2005,6291899
Washington,2006,6395798
Washington,2007,6468424
Washington,2008,6549224
Washington,2009,6664195
Washington,2010,6742950
Washington,2011,6823267
Washington,2012,6897012
West Virginia,1960,1860421
West Virginia,1961,1850000
West Virginia,1962,1773000
West Virginia,1963,1778000
West Virginia,1964,1797000
West Virginia,1965,1812000
West Virginia,1966,1794000
West Virginia,1967,1798000
West Virginia,1968,1805000
West Virginia,1969,1819000
West Virginia,1970,1744237
West Virginia,1971,1752000
West Virginia,1972,1781000
West Virginia,1973,1794000
West Virginia,1974,1791000
West Virginia,1975,1803000
West Virginia,1976,1821000
West Virginia,1977,1859000
West Virginia,1978,1860000
West Virginia,1979,1878000
West Virginia,1980,1930787
West Virginia,1981,1951000
West Virginia,1982,1948000
West Virginia,1983,1965000
West Virginia,1984,1952000
West Virginia,1985,1936000
West Virginia,1986,1919000
West Virginia,1987,1897000
West Virginia,1988,1884000
West Virginia,1989,1857000
West Virginia,1990,1793477
West Virginia,1991,1801000
West Virginia,1992,1812000
West Virginia,1993,1820000
West Virginia,1994,1822000
West Virginia,1995,1828000
West Virginia,1996,1826000
West Virginia,1997,1816000
West Virginia,1998,1811000
West Virginia,1999,1806928
West Virginia,2000,1808344
West Virginia,2001,1800975
West Virginia,2002,1804884
West Virginia,2003,1811440
West Virginia,2004,1812548
West Virginia,2005,1814083
West Virginia,2006,1818470
West Virginia,2007,1812035
West Virginia,2008,1814468
West Virginia,2009,1819777
West Virginia,2010,1854368
West Virginia,2011,1854908
West Virginia,2012,1855413
Wisconsin,1960,3951777
Wisconsin,1961,4022000
Wisconsin,1962,4092000
Wisconsin,1963,4061000
Wisconsin,1964,4107000
Wisconsin,1965,4144000
Wisconsin,1966,4161000
Wisconsin,1967,4189000
Wisconsin,1968,4213000
Wisconsin,1969,4233000
Wisconsin,1970,4417933
Wisconsin,1971,4476000
Wisconsin,1972,4520000
Wisconsin,1973,4569000
Wisconsin,1974,4566000
Wisconsin,1975,4607000
Wisconsin,1976,4609000
Wisconsin,1977,4651000
Wisconsin,1978,4679000
Wisconsin,1979,4720000
Wisconsin,1980,4680917
Wisconsin,1981,4739000
Wisconsin,1982,4765000
Wisconsin,1983,4751000
Wisconsin,1984,4766000
Wisconsin,1985,4775000
Wisconsin,1986,4785000
Wisconsin,1987,4807000
Wisconsin,1988,4858000
Wisconsin,1989,4867000
Wisconsin,1990,4891769
Wisconsin,1991,4955000
Wisconsin,1992,5007000
Wisconsin,1993,5038000
Wisconsin,1994,5082000
Wisconsin,1995,5123000
Wisconsin,1996,5160000
Wisconsin,1997,5170000
Wisconsin,1998,5224000
Wisconsin,1999,5250446
Wisconsin,2000,5363675
Wisconsin,2001,5405947
Wisconsin,2002,5439692
Wisconsin,2003,5474290
Wisconsin,2004,5503533
Wisconsin,2005,5527644
Wisconsin,2006,5556506
Wisconsin,2007,5601640
Wisconsin,2008,5627967
Wisconsin,2009,5654774
Wisconsin,2010,5691659
Wisconsin,2011,5709843
Wisconsin,2012,5726398
Wyoming,1960,330066
Wyoming,1961,338000
Wyoming,1962,365000
Wyoming,1963,337000
Wyoming,1964,343000
Wyoming,1965,340000
Wyoming,1966,329000
Wyoming,1967,315000
Wyoming,1968,315000
Wyoming,1969,320000
Wyoming,1970,332416
Wyoming,1971,340000
Wyoming,1972,345000
Wyoming,1973,353000
Wyoming,1974,359000
Wyoming,1975,374000
Wyoming,1976,390000
Wyoming,1977,406000
Wyoming,1978,424000
Wyoming,1979,450000
Wyoming,1980,468954
Wyoming,1981,492000
Wyoming,1982,502000
Wyoming,1983,514000
Wyoming,1984,511000
Wyoming,1985,509000
Wyoming,1986,507000
Wyoming,1987,490000
Wyoming,1988,471000
Wyoming,1989,475000
Wyoming,1990,453588
Wyoming,1991,460000
Wyoming,1992,466000
Wyoming,1993,470000
Wyoming,1994,476000
Wyoming,1995,480000
Wyoming,1996,481000
Wyoming,1997,480000
Wyoming,1998,481000
Wyoming,1999,479602
Wyoming,2000,493782
Wyoming,2001,493754
Wyoming,2002,498830
Wyoming,2003,502111
Wyoming,2004,505887
Wyoming,2005,508798
Wyoming,2006,515004
Wyoming,2007,522830
Wyoming,2008,532668
Wyoming,2009,544270
Wyoming,2010,564554
Wyoming,2011,567356
Wyoming,2012,576412
